first-name,second-name,phone-number,
Ray,Smaile,695-307-0021,
Clarice,Eplate,522-773-4352,
Hugh,Sichardt,448-365-2378,
Vina,Skouling,848-237-9115,
Clark,Gohn,431-880-5406,
Judye,Funnell,161-863-0495,
Lenette,De Domenico,832-886-1384,
May,Albone,483-123-8997,
Trula,Garvagh,498-594-8982,
Dina,Norway,887-848-4712,
Milena,Addis,764-257-9706,
Theodoric,Talman,204-142-9767,
Antonius,Dicks,523-896-3874,
Clint,Waldram,575-115-9428,
Felic,Ivimey,479-946-3491,
Jacinda,Baribal,518-307-7231,
Rebecka,Rickerd,874-633-2500,
Easter,Gollop,118-357-5530,
Zelda,Plenty,753-866-1318,
Towny,Faragan,856-551-1666,
Ryan,Wreight,387-710-0135,
Christel,Yashunin,580-456-4440,
Hilliary,Ovell,352-875-2593,
Flynn,Caldron,728-471-9389,
Bellina,Sandeford,464-363-0879,
Janel,Dell Casa,637-131-5528,
Fancy,Minot,654-990-2216,
Venita,Merry,495-413-7684,
Avictor,Grolmann,841-788-0995,
Joe,Andrusyak,422-543-7508,
Madalyn,Glasgow,986-693-6567,
Averyl,Kluss,687-729-5405,
Fania,Guiness,693-655-6661,
Anestassia,Antognozzii,613-601-4764,
Elsworth,Eddow,848-587-9091,
Davey,Rigby,706-978-0996,
Trina,Raymen,669-627-3405,
Cybill,Durtnal,648-694-6171,
Thane,Eddisforth,208-252-1185,
Elysha,Clover,483-362-4954,
Tallia,Lourens,514-377-9436,
Joaquin,Van der Hoeven,535-186-7722,
Allene,Kittiman,396-760-8355,
Brandise,Robinson,115-496-3923,
Vittoria,Seaking,604-833-9378,
Joby,Folini,161-811-7632,
Hayes,Sessuns,728-927-6392,
Angel,Balthasar,539-242-3698,
Antonius,Taborre,888-113-7486,
Audrye,Swain,661-173-1927,
Levin,Cullinane,518-417-9238,
Sunshine,Barkhouse,912-772-1035,
Norris,Aslet,986-950-9047,
Aluino,D'Agostini,230-605-4946,
Sybil,Cursey,763-653-0343,
Bary,Pennino,203-276-8385,
Drucill,Van der Krui,322-187-0453,
Marve,Louis,932-438-1151,
Zia,Sivier,768-408-3078,
Rikki,Ciccarello,677-182-4170,
Zelig,Springtorp,889-696-2873,
Kelsy,Kas,479-339-6472,
Honor,Ilewicz,733-691-7028,
Chandler,Esome,330-330-9489,
Mychal,Widdowes,642-869-2148,
Rani,Kimble,729-257-3703,
Brina,Cess,222-845-7794,
Felice,Hanwright,464-552-2397,
Marylee,Gellibrand,989-786-2418,
Felicio,Clogg,208-545-2855,
Janice,Geratasch,452-565-7824,
Claude,Murtell,587-169-4811,
Lurette,Cline,339-936-3995,
Josey,Treadway,965-673-0488,
Demott,Fasse,331-742-0700,
Cinda,Stepney,431-435-3107,
Alessandro,Kubat,165-824-1755,
Corinna,Puvia,953-184-2908,
Goldina,Handyside,234-859-0559,
Walker,Lyddiatt,937-983-7910,
Tilda,Armfirld,672-341-1647,
Zia,Grellier,278-576-0746,
Berta,Biset,414-626-6839,
Hew,Vargas,870-543-1148,
Ber,Rizon,158-751-4275,
Bertie,Halden,596-130-3439,
Laurice,Benjamin,412-482-7545,
Edgardo,Douch,365-289-0727,
Boony,Grundon,122-155-1427,
Godfry,Crielly,317-336-1870,
Addy,Tibbits,759-926-9195,
Marve,Prestige,737-670-3276,
Harlan,Dowdell,650-461-8395,
Ranice,O' Neligan,270-282-9002,
Donnie,Bernardotti,992-265-7726,
Farand,Tinker,317-278-3792,
Hedvige,Trippack,814-624-1299,
Lucretia,Plank,927-497-5878,
Darryl,Eglin,270-855-7818,
Frayda,Noto,491-767-2555,
Graeme,Fownes,789-149-7273,
Guillema,Brattell,484-172-4951,
Pascal,McPhail,546-970-5694,
Buddie,Lawrinson,692-514-9750,
Inge,Featherstonhaugh,300-772-1158,
Jeremiah,Beloe,334-401-4123,
Hartwell,Bilby,439-495-7316,
Celeste,Thandi,918-748-2823,
Jesus,Ginty,134-570-8898,
Torie,Mora,517-669-0244,
Donnie,Hastwell,694-797-9175,
Barnabas,Grzegorzewicz,347-438-3167,
Constantin,Henze,430-572-0736,
Truman,Trenfield,310-699-3392,
Etan,Spradbery,992-229-6852,
Brantley,Soppit,746-582-6783,
Adorne,Seleway,904-296-7997,
Benedicto,Aldhouse,325-379-6644,
Ashley,Peyto,504-982-1463,
Viki,Harmon,941-790-2170,
Ruthie,Jentgens,342-300-4939,
Sherwood,Pearch,426-626-9002,
Maxwell,Heald,282-730-2069,
Vincenty,Cust,647-788-2560,
Ettore,Dommersen,324-378-1790,
Helen,Ballchin,744-813-3279,
Clarinda,Creaney,884-516-1359,
Abbie,Dacre,996-535-9122,
Fallon,Daniellot,837-954-4012,
Matthaeus,Nice,357-566-1898,
Sarah,Silk,627-573-4998,
Carson,Fishwick,282-815-5265,
Enrico,Hollyar,545-677-6516,
Maxy,Curcher,458-336-9987,
Price,Oakman,820-101-8706,
Sari,MacMeanma,511-691-9655,
Myca,McQuilkin,712-745-4673,
Zitella,Northway,313-339-4838,
Leola,Mancer,633-318-8964,
Marylou,Weber,674-618-2163,
Karlotta,Dupoy,820-340-4474,
Euell,Benson,922-166-1099,
Ervin,Meers,272-938-6061,
Charita,Revie,964-466-9401,
Penn,Pain,708-686-3244,
Holt,Penk,502-473-1385,
Mendel,Cordery,794-628-3453,
Findley,Caroline,940-976-5145,
Roxana,Summerson,962-518-4139,
Loise,Demschke,961-486-6451,
Darcee,Treadway,280-495-4267,
Eadmund,Pointer,440-638-4222,
Blaine,Leggen,748-230-0406,
Phyllis,Loblie,269-292-5249,
Adey,Jeayes,388-471-7288,
Onfre,Ruckledge,843-859-9897,
Alayne,Gaughan,862-181-4302,
Leanora,Le Marquand,675-550-2178,
Tessie,Gaylord,926-588-3181,
Cesar,Redsell,317-570-6953,
Raf,Brotherwood,588-803-0477,
Silvanus,Lauxmann,755-363-5225,
Benetta,Keaveney,943-261-8266,
Lovell,Rolance,643-269-1495,
Duncan,Ebbing,105-539-0591,
Patin,Sutherington,932-327-8357,
Rhetta,Bartholat,734-464-3643,
Rhonda,Piquard,279-178-3476,
Katharine,Sidwick,535-667-4132,
Jammie,McArdell,505-401-1687,
Sergeant,Luton,897-809-3907,
Jules,Challener,106-754-2163,
Nissy,Pollastrino,209-581-6371,
Ellene,Kilpin,136-603-2486,
Joey,Burleigh,634-985-6527,
Isobel,Mapledoore,644-312-0230,
Pacorro,Hegg,436-958-4403,
Whittaker,Franz-Schoninger,532-949-5026,
Stefan,Loughead,109-654-4544,
Beauregard,Neem,279-828-3398,
Arabel,Dacombe,975-260-7743,
Fielding,Mallord,214-638-9157,
Brandy,Darnbrough,239-109-1677,
Brena,Colebourne,694-888-7112,
Falito,MacLese,163-433-2109,
Barb,Pedrollo,956-743-7832,
Amberly,D'Agostino,211-163-2260,
Starr,Havile,688-613-5421,
Don,Clemendot,148-608-1189,
Hamel,Bundey,504-334-3712,
Shela,Kabsch,672-269-5561,
Dion,Abele,247-632-6324,
Berty,Jerzykiewicz,719-203-3588,
Mitchael,Maben,627-621-1771,
Hugh,Albisser,588-321-9698,
Willie,Houchin,369-858-3705,
Phillie,Clapston,729-111-5640,
Shaylynn,Selbie,921-702-1233,
Nicolina,Heeley,387-875-8632,
Gayler,O'Currane,748-352-8517,
Adrianne,Dewerson,262-203-4082,
Ignacio,Taylor,215-658-9021,
Son,Honeywood,798-371-0749,
Brew,Tait,321-198-0508,
Aubrey,Alliband,987-268-4581,
Bernadine,Kimblen,320-114-2163,
Ollie,Jeromson,355-687-7336,
Kent,Ledekker,668-521-3943,
Lesya,Bootes,665-591-0751,
Hanna,Chatres,629-505-6986,
Katheryn,Varley,547-220-6810,
Enoch,Sheals,291-891-0438,
Mel,Leneve,440-791-5357,
Marco,Wagenen,230-801-3751,
Shantee,Shillan,352-613-4049,
Aubrette,Luscott,190-946-6822,
Elena,Hoggan,509-264-1854,
Kinsley,Siman,932-474-5291,
Glenden,Gwynn,609-186-4991,
Tamarah,Oake,182-521-8847,
Garrek,Kurdani,735-988-7803,
Roxie,Halt,915-397-5838,
Kerry,Want,848-175-2647,
Avery,Burris,481-511-1709,
Chevalier,Lappine,687-586-0934,
Kingston,Ridhole,981-907-2112,
Erny,Zink,279-406-7569,
Solomon,Cromack,804-495-2325,
Baird,Allright,846-606-8033,
Sephira,Tomasino,799-310-2887,
Obie,Crosscombe,908-425-2709,
Quint,Kob,241-837-5821,
Oran,Du Fray,474-195-3300,
Stanleigh,Dumbare,293-209-1361,
Danya,Clemenceau,133-360-6797,
Deane,Potebury,617-104-8289,
Stavros,Steger,400-401-3528,
Bev,Lawleff,777-706-7677,
Dal,Calley,840-535-6409,
Jammal,Cookson,195-851-6681,
Abbye,Exley,272-524-8478,
Vivyanne,Dollman,989-998-1379,
Jozef,Kivits,884-417-1419,
Gwenette,Ells,708-222-9274,
Richmond,Potebury,747-511-4195,
Kristo,Zwicker,963-199-8119,
Trudey,Mumbray,442-916-8833,
Gaspar,Rosenqvist,989-666-3652,
Parnell,Basillon,125-603-2207,
Yvor,Aymeric,139-404-9430,
Lara,Challicum,549-379-6061,
Alberta,Landrean,395-616-0820,
Sasha,Benion,914-226-2755,
Prince,Foggo,720-784-9955,
Elsinore,Aberdein,545-126-8157,
Mal,Malicki,987-129-0632,
Hal,Giovannilli,536-837-6984,
Moina,Deddum,700-824-8795,
Liza,Inchbald,524-331-0506,
Jamima,Dmitriev,767-421-6986,
Seward,Sycamore,283-864-1024,
Lorin,Pritchitt,540-603-3699,
Leighton,Hake,457-311-5268,
Janith,Olland,681-797-7830,
Tucky,Cupitt,844-902-4658,
Harlin,Boyd,771-507-6239,
Lauren,Feaks,887-281-4536,
Gaelan,Cromleholme,213-873-4562,
Fawnia,Caswall,930-657-7502,
Fields,Brotherhood,818-683-7482,
Valene,Andryunin,401-294-0369,
Sandor,Bockings,807-409-9091,
Alla,Pittway,339-241-1777,
Lanae,Wonfar,362-877-4247,
Janith,Mathivat,458-335-1355,
Inness,Cuningham,914-894-4685,
Vivienne,Olyunin,811-151-4337,
Wilona,Filppetti,185-186-4981,
Meg,Angove,896-714-7484,
Olin,Suttill,495-911-9674,
Bert,Saile,952-387-2984,
Sarina,Grimm,971-393-7842,
Wald,Kellitt,307-685-4020,
Peggie,Cartwight,418-395-9038,
Tibold,Kidman,895-496-0064,
Ainslie,Lescop,662-973-2253,
Rea,Le feaver,532-722-9780,
Jasun,Sigart,129-739-6292,
Quinta,Seagood,464-178-4828,
Leonie,Wallwork,950-947-7400,
Ruben,Purkess,312-611-2823,
Beaufort,Willoughway,851-476-0036,
Krissy,Kobiela,761-694-4567,
Dagny,Bidnall,867-258-8099,
Reinaldos,Giacobelli,475-800-6024,
Jackelyn,Fellon,313-708-5790,
Leeland,Vardie,309-909-1534,
Olympie,Muggach,140-943-4748,
Hussein,Catherine,466-332-7329,
Hedwiga,Hrus,907-114-7107,
Marijo,Norville,694-407-9786,
Gussi,Abramin,475-949-9217,
Archy,Keer,949-543-6505,
Catie,Daugherty,340-549-1941,
Shae,Wilsdon,229-623-3552,
Samuel,Kilshaw,914-755-6724,
Cole,Blowne,797-473-3986,
Maude,Apark,582-964-5150,
Christine,MacGille,703-395-7199,
Morse,Burnip,935-469-0601,
Laney,Wabb,619-927-2046,
Kim,Girodier,539-349-6821,
Cleve,McConville,620-651-0786,
Kerwin,Lopez,180-821-6976,
Glendon,Ratt,299-929-7668,
Wells,Petrovykh,827-472-6320,
Dorian,McMenamie,913-757-5879,
Vittoria,Welbeck,392-770-5217,
Jacques,Doby,390-657-2253,
Joelle,MacCrossan,982-485-6882,
Vicki,Mechan,193-510-2521,
Baryram,Frisdick,692-380-6401,
Basil,Willimont,792-136-2309,
Fionnula,Gilffilland,735-605-6742,
Raeann,Du Hamel,185-639-6853,
Phillida,McIlwraith,448-530-2776,
Davey,Worton,291-204-9583,
Nikolaos,Mitchard,331-152-5355,
Lanita,Ringrose,331-243-5466,
Bernelle,Kingsford,165-129-8112,
Biddy,Coxon,317-257-6507,
Clem,Partrick,361-182-7528,
Nicolette,Slamaker,336-359-6361,
Chane,Morphet,254-294-8217,
Darcie,Lownds,393-219-0934,
Alasteir,Booty,580-612-6104,
Giacopo,Backshall,185-149-2515,
Henrietta,Marcinkowski,363-819-2159,
Danyette,Loudyan,851-431-4936,
Alair,Mersh,633-888-9818,
Faina,Kennerley,653-936-9579,
Roberto,Blackham,740-345-7960,
Blanca,Ends,504-207-0225,
Dalila,Tabram,926-480-3958,
Raimondo,Du Plantier,100-944-6026,
Sindee,Skaid,667-519-3205,
Oralee,Camin,726-358-3911,
Gene,Dysert,266-514-0939,
Debra,Thorndale,647-959-6763,
Ralf,Twigg,453-879-3347,
Cherish,Roakes,971-505-3805,
William,Simonett,828-817-3686,
Howey,Blacker,755-888-2825,
Genia,Giovannacc@i,937-756-5763,
Victoir,Deppen,273-472-1135,
Gabriella,Folkerts,947-996-6830,
Phillie,Roydon,388-364-1517,
Emogene,Daines,650-414-9150,
Elliott,Kenewell,459-216-4057,
Isiahi,Hendriks,589-878-5693,
Carolin,Kahan,793-820-5687,
Tate,Dubbin,117-490-6935,
Letizia,Harold,127-800-2868,
Gerhardt,McArd,603-207-9748,
Laney,Prati,202-502-0407,
Zebulon,Blackledge,479-129-2774,
Alana,Poller,368-972-1900,
Thomasina,Blyth,697-739-8945,
Alleen,Picardo,569-162-9280,
Kristos,Jewar,720-498-6228,
Nessy,O'Giany,858-906-3743,
Happy,Cassell,413-877-1476,
Phineas,Wildin,348-322-1985,
Morna,Peachey,621-813-6449,
Isak,Pavlovic,682-597-2292,
Pavla,Copper,255-218-8089,
Jimmy,Filshin,924-617-5642,
Filide,Cordall,854-215-5367,
Allister,Murfin,691-505-6255,
Ardella,MacMeanma,664-965-3798,
Reidar,Iacomo,341-322-8394,
Odele,Swinn,767-652-5945,
Irwinn,Riby,235-485-1226,
Vanya,Kilbride,314-134-8070,
Orelie,Downgate,713-437-3127,
Juditha,Gardener,474-252-6039,
Edd,Rayner,460-114-3517,
Zachery,Pheasey,934-777-1798,
Kim,Penhale,214-214-2997,
Flossi,Playford,951-889-8485,
Steven,Colam,169-211-4139,
Gennie,Childers,397-225-1863,
Michell,Delue,346-740-5605,
Mag,Wenzel,534-523-1646,
Beale,Spellissy,524-497-6102,
Trevor,Lambrick,793-153-0354,
Brew,Egginson,260-394-6599,
Adam,McGorman,566-102-8165,
Joann,Dupoy,267-117-7760,
Wilone,Regus,973-247-9128,
Adham,Braddon,559-266-5241,
Skip,Brotherhead,683-589-2002,
Dael,Gahan,232-815-4903,
Orran,Bernolet,619-940-6103,
Omar,Cowburn,644-318-3553,
Kare,Hamblin,135-987-3694,
Clarabelle,Blythin,358-250-9564,
Aida,MacCaughey,850-122-5894,
Thurston,Rosas,673-271-2751,
Klaus,Hartright,308-170-6024,
Avie,Reddlesden,530-294-0160,
Michaeline,Ledgister,224-303-1950,
Lillian,Frederick,878-314-2421,
Julianna,Girauld,774-475-0397,
Jackie,Moncrieffe,523-501-5240,
Maribel,MacNamara,955-269-5799,
Oswald,Widdowes,333-354-5428,
Katya,Killeen,590-346-5369,
Kelley,Lapping,528-469-4081,
Zola,Chretien,718-855-9677,
Vivie,Lysons,139-474-3171,
Danita,Marcos,973-929-7802,
Alyosha,Geggie,760-839-6728,
Fayre,Peinton,317-423-1649,
Cammy,Rosterne,386-997-6504,
Horton,McClaren,640-168-9164,
Juana,Sarll,421-326-7997,
Sidney,Titterington,796-214-8605,
Elysia,Dunphie,798-839-2575,
Chan,Crane,158-884-0139,
Ealasaid,Murname,841-593-1044,
Saleem,Burker,706-289-1186,
Brandtr,Cliburn,782-211-6318,
Colan,Doiley,503-516-5399,
Sydelle,Olekhov,540-923-4779,
Cairistiona,Lillicrap,699-289-1634,
Emma,McCaig,453-857-4847,
Ludovika,Shills,381-234-1073,
Yelena,Gorvin,555-438-9049,
Jean,Woolpert,412-801-0872,
Teddie,Duran,958-305-5458,
Kassey,Benes,866-696-9199,
Jdavie,Ledgerton,224-682-6675,
Kelcie,Bleue,983-426-7799,
Christie,Crofthwaite,775-155-8074,
Christi,Han,155-303-8121,
Philis,Tarry,639-359-4224,
Carlotta,Patkin,342-261-9786,
Emelen,Stading,641-539-2010,
Tallulah,Grafton,667-196-6252,
Ines,Pampling,111-391-7010,
Harrison,Whitrod,107-356-2652,
Bebe,Grimley,532-154-0669,
Alisa,Quayle,768-652-9332,
Franky,Rodie,352-109-3083,
Marion,Manueli,174-313-5276,
Aaren,Pallasch,813-720-4065,
Dannel,Challin,882-500-5455,
Donny,Boyall,544-607-7863,
Lorettalorna,Ruddiman,241-959-8846,
Gilberto,Brooks,472-515-9239,
Bernie,Aphale,584-192-6119,
Rutter,Mattacks,108-977-7108,
Korrie,Rohlf,827-579-2366,
Harbert,Hartin,374-971-2226,
Arlene,Shillabeare,358-734-3971,
Milly,Cowell,425-600-3444,
Mannie,Cafe,858-948-8501,
Fenelia,Davet,259-375-2649,
Patrice,Castiello,675-692-2328,
Bron,Forward,730-372-9440,
Pinchas,Mixter,957-123-9825,
Allen,Scuse,973-682-7190,
Agosto,Constanza,410-993-6030,
Leandra,McKellar,768-737-7866,
Tommy,Virgoe,426-701-7093,
Juliane,Iacopo,299-896-8012,
Devlen,Book,524-110-2913,
Birgitta,Hapgood,814-236-7391,
Monroe,Aspy,979-967-4484,
Johnette,Bissiker,139-490-8639,
Doralynne,Harmour,894-688-5757,
Kassey,Gledhill,249-511-7637,
Hildy,Minillo,731-845-4719,
Albrecht,Banfill,893-776-7887,
Jerrine,Finlason,552-920-3123,
Dix,Golden,261-475-9038,
Darcee,Tallon,115-478-7565,
Bernetta,Lean,372-732-6397,
Monro,Scrowby,544-507-4390,
Darya,Gittis,665-127-7347,
Cullin,McCormack,951-239-1229,
Daren,Deighton,909-595-6281,
Karrah,Tomlin,157-297-6200,
Heath,Trewin,879-409-9222,
Cordey,Shervil,100-689-5591,
Haroun,McShea,361-106-1046,
Parnell,Scogings,904-146-1126,
Dyane,Padrick,316-817-3947,
Auberon,Belliss,771-852-5681,
Chilton,Jacke,590-597-9686,
Hyacinthe,Hambright,166-560-5335,
Clemmie,Panks,308-483-6748,
Dulcie,Bowater,163-712-0728,
Sandro,Gay,973-522-7132,
Paton,Riddiford,484-180-9842,
Bridget,Fryett,571-170-6386,
Scotti,Yellowley,754-802-9616,
Helene,Maycey,148-988-5207,
Nicolina,Mival,852-790-6234,
Cassi,Maymond,689-940-7405,
Joann,Albery,574-753-2526,
Baxy,Fasler,330-950-3004,
Rinaldo,Henrot,495-796-6437,
Judi,Vaz,122-736-5189,
Rachael,Denekamp,983-519-8078,
Kristofer,Cammack,937-263-8682,
Clemmy,Daens,163-406-6959,
Ed,Dabinett,599-212-9221,
Nicoline,Atyeo,476-315-6058,
Dougie,Teresia,102-717-5999,
Stuart,August,641-301-9099,
Neile,Jennaroy,940-980-4851,
Adlai,Willford,857-169-9663,
Danila,Risbridger,637-441-1512,
Delia,Grant,597-683-4427,
Brear,Yepiskov,666-195-4019,
Edgar,Artin,433-960-1240,
August,Van Cassel,356-905-5431,
Rea,Neachell,381-671-2047,
Ernaline,Kirtley,100-868-9438,
Blakelee,Croxford,746-424-6546,
Reynolds,Moran,126-181-2993,
Erskine,Keford,155-273-1050,
Rowe,Casali,710-276-5687,
Rivalee,Liversley,894-466-8768,
Joya,Minster,195-222-8705,
Beverie,Bramhall,672-912-5229,
Jessika,Aland,792-325-7727,
Ethelind,Brawson,129-176-9229,
Jackson,Mahood,989-364-0265,
Pamelina,Albrecht,926-700-5829,
Zelda,Fairbank,665-174-7916,
Tally,Philler,663-724-9219,
Sally,Fairbourne,217-491-6820,
Wilburt,Wastell,338-718-1144,
Lorrie,Bawcock,304-613-7705,
Paulie,Kirkam,447-522-8289,
Cassondra,Woodyatt,474-222-1788,
Bowie,Doy,958-609-5294,
Maurita,Kervin,937-300-3366,
Carr,Parrin,447-720-7851,
Rachel,Giraldez,610-667-2757,
Wilden,Whiteson,929-494-0501,
Elvira,Suart,994-416-9539,
Adrienne,Boriston,742-682-1060,
Deedee,Ciobutaru,290-934-9022,
Jacinthe,Ollerhad,199-445-1860,
Franciska,Eneas,523-460-9719,
Reed,Simpkins,240-492-6663,
Robers,Boardman,648-785-9204,
Duffy,Douberday,669-100-6622,
Janie,Jockle,110-701-0600,
Legra,Ellul,498-974-1089,
Kerk,Haselden,625-720-9092,
Wyatan,Rubinsohn,195-278-5100,
Annadiane,Vine,918-692-2692,
Margarette,Gallimore,692-217-3403,
Harland,Noice,436-833-0428,
Fields,Mann,243-505-5810,
Frayda,Wildman,520-488-2451,
Hercule,Pepineaux,802-788-6418,
Ruggiero,De Biaggi,279-787-6715,
Raffaello,Basham,637-529-0131,
Pren,Sherbrook,525-865-9254,
Jeramie,Hayworth,951-763-3209,
Shanda,Dufoure,457-136-5429,
Jane,Hirthe,490-370-1161,
Edwina,Crass,149-793-1891,
Barry,Gally,276-679-7864,
Josi,Lazenby,956-577-9252,
Biddy,Pinson,138-159-3868,
Merle,Pittam,627-937-0533,
Anatole,Whittlesee,613-341-1352,
Dale,Laughren,519-815-2548,
Mureil,Siburn,950-394-3238,
Clotilda,Ablett,926-697-4389,
Mikael,Hearnaman,200-135-4061,
Lizabeth,Banister,530-231-6359,
Deena,Dartan,481-914-6735,
Johnnie,Goodman,300-245-7458,
Kiri,Cleveland,467-904-1238,
Frederigo,Chaise,709-769-2531,
Nadine,Jago,102-454-1247,
Rosalynd,Roggieri,790-949-8626,
Casandra,Minshull,405-110-7055,
Lacy,Bottom,777-950-7912,
Wilone,Pittwood,713-499-9913,
Morissa,Arnauduc,208-952-7262,
Vere,Overel,880-366-3598,
Sidnee,Lazarus,154-650-1849,
Chrystal,Rayworth,716-838-6195,
Aura,Lea,524-351-4286,
Perkin,Dow,240-201-1097,
Hakim,Snalum,164-787-1667,
Flynn,Lorenzin,256-226-8846,
Kylie,McSporon,820-753-2610,
Kizzie,Ambrogio,243-865-6201,
Lorrie,Dimmick,954-633-1641,
Pancho,Temblett,834-556-7841,
Dallas,Jeffels,230-958-5085,
Obidiah,Hardesty,263-671-4996,
Karissa,Rathbone,922-400-3208,
Phylis,McPake,792-381-2162,
Cross,Warbrick,980-347-4603,
Carolynn,Maxwale,139-291-3115,
Georgie,Favill,833-568-3489,
Halette,Reimer,850-255-4606,
Hyacintha,Klassmann,426-798-8338,
Romeo,Ashlee,564-559-1055,
Veriee,Reeday,643-199-5143,
Birdie,Faire,767-340-0211,
Elton,Czapla,681-981-2407,
Athena,Basant,835-679-9551,
Andrey,Loveless,648-546-1416,
Jonas,Fockes,639-227-4526,
Averell,Tait,987-105-9048,
Thalia,Hartridge,121-391-6620,
Tomi,Stuckes,706-208-4686,
Maribelle,Macieja,734-711-9796,
Odille,Isakovitch,242-971-0437,
Jena,Jerman,290-710-7332,
Marianna,Lincey,720-678-1943,
Sisile,Wainer,394-880-1093,
Wheeler,Shenfish,182-865-9060,
Jodee,Ingerith,146-318-8173,
Eduardo,Randal,145-936-9373,
Gearalt,Durrans,907-538-9741,
Simon,De Meis,695-766-1619,
Gian,Iacoboni,867-165-3670,
Rodolphe,Da Costa,394-283-6894,
Natal,Sokale,965-861-0179,
Ellerey,Capstack,998-960-1224,
Rourke,McKim,331-721-4703,
Kipp,Saddington,209-212-5514,
Feodora,Penni,238-351-6526,
Ella,Poulgreen,788-473-3051,
Jazmin,ducarme,488-658-9625,
Teddie,Orange,777-960-9928,
Susi,Bartholomieu,533-249-9108,
Imogen,Sarsfield,222-572-2580,
Hilary,Bassano,290-843-2920,
Katherine,Label,894-274-8264,
Kerry,Suthren,501-226-6840,
Darrell,Cornell,548-788-2853,
Audra,de Chastelain,545-858-7061,
Walsh,Tickel,945-250-9829,
Lizzie,Westnage,214-270-4981,
Zahara,Trass,859-381-0897,
Elvira,Goslin,806-439-0465,
Kara-lynn,Jerrard,397-875-2142,
Gabriella,Skep,777-832-6515,
Deanna,Ivell,540-789-5257,
Saxe,Yoslowitz,969-522-4523,
Nyssa,Tuddall,447-595-1452,
Jon,Bruck,205-553-8605,
Jane,Cancutt,950-656-5835,
Pat,Swyne,931-696-0763,
Waneta,Downse,672-933-4656,
Glendon,Oherlihy,874-381-0981,
Gannie,Lepard,206-540-5844,
Melony,Tree,680-616-1771,
Valry,Breche,277-334-7561,
Royal,Pentecost,669-174-8173,
Chickie,Stute,271-844-9447,
Carlos,Bunhill,750-185-9205,
Augustine,Cardinale,142-426-0657,
Ashley,Ivanyukov,790-192-2205,
Polly,Mountford,825-331-6248,
Nicholle,Samter,405-284-1331,
Caty,Fleckness,539-453-2065,
Wandie,Roscrigg,735-952-7422,
Sydney,Esbrook,648-437-6699,
Kim,Edgars,124-495-2123,
Shay,Binner,684-632-2346,
Linette,Jeandon,631-114-2487,
Kial,Giacomasso,213-409-1871,
Bendite,Gration,202-475-2397,
Akim,Fawley,898-820-9674,
Cary,Disman,848-839-5333,
Trista,Britian,873-381-0680,
Sargent,Kegan,812-740-5600,
Emmi,Thulborn,269-326-8370,
Selina,Bowkett,446-863-5091,
Kelsey,Gandey,868-799-2165,
Orsola,Glyn,702-683-0633,
Ailee,Peter,437-488-0490,
Eugine,Braven,577-293-7586,
Odetta,Pashbee,987-339-2456,
Arther,Sweet,288-724-3765,
Trisha,Nicholes,927-665-3748,
Norina,Chandlar,706-199-6204,
Ruttger,Sellars,133-175-5083,
Becky,Andrew,541-206-6066,
Merrile,Wanless,379-507-2468,
Gray,Garfitt,349-176-6275,
Karrah,Mould,325-625-0773,
Merwin,Caddens,902-550-9518,
Ruthi,Nafziger,614-891-6919,
Bernelle,Arundel,342-695-0380,
Brooks,Filippozzi,415-395-8569,
Ned,Eggerton,681-409-1691,
Skye,Donalson,455-347-5223,
Jenn,Copeland,597-273-7301,
Ambrosius,Readshall,201-513-1970,
Alene,Sharply,946-628-2780,
Mareah,Hissie,827-740-7328,
Chere,Renon,892-720-2838,
Hewitt,Fayer,200-628-0482,
Lemmy,Goodrum,115-577-8233,
Anastasie,Peggrem,726-675-0834,
Lars,Aucourte,612-675-1508,
Palmer,Huckabe,730-508-3871,
Daffi,Spridgen,669-269-0022,
Kissie,Cajkler,161-228-6162,
Rossie,Doddrell,655-642-9910,
Shelby,McKoy,921-882-8913,
Obed,Fredy,829-520-4683,
Saunderson,Troup,468-294-4848,
Wilona,Checchi,542-371-6608,
Finn,Rayer,985-364-5764,
Reggis,Shoveller,562-403-8474,
Nefen,Kleiner,511-456-1177,
Bellina,Paver,811-262-2172,
Kelley,Gover,961-982-6680,
Ofilia,Jeske,143-735-5020,
Reube,Minichillo,913-292-8727,
Devon,Filer,969-237-9072,
Konstanze,Waber,672-318-7473,
Pietro,Klaes,915-791-0336,
Andy,Howchin,332-627-3123,
Gonzales,Randle,951-513-5244,
Kara-lynn,Pullman,887-108-4272,
Rozele,Keynes,336-560-5663,
Leland,Lark,399-906-5494,
Saleem,Shillum,753-993-5035,
Rogers,Ormshaw,683-184-2623,
Osmond,Ceely,327-576-3210,
Courtney,Dorin,695-458-0328,
Ricca,Baruch,762-997-7665,
Patsy,Capes,256-553-8747,
Margette,Afield,770-830-6063,
Brandy,Matura,402-230-3048,
Hyacinthe,Randals,698-886-5198,
Janice,Klainman,105-306-1870,
Merrili,Mundford,254-581-3929,
Meghan,Labram,466-645-6954,
Donica,Bardsley,120-215-5052,
Aleen,Quilty,651-758-6592,
Corella,Petracco,142-874-8078,
Derwin,Zimmerman,556-307-0033,
Audi,Andrassy,438-733-7948,
Kaye,Leggin,945-654-5929,
Sayres,Lehrmann,875-519-6023,
Cleve,Petrakov,711-617-7629,
Sibbie,Winsom,167-301-0011,
Olivia,Matyja,411-197-4906,
Cacilia,Ratledge,274-369-7477,
Vally,Dat,519-956-1711,
North,Pury,937-186-7386,
Farrand,Rousby,837-902-3928,
Adiana,Leathart,643-685-6939,
Justin,Cicconetti,585-327-5257,
Parke,Archibald,393-743-4666,
Brose,Tuffey,507-162-7968,
Rosette,Garfath,607-981-3992,
Catriona,Farrance,520-145-8914,
Adrian,Juste,642-421-0286,
L,urette,Pickerell,120-923-7333
Normy,Merrgan,880-972-5381,
Merrie,Cordner,638-603-1932,
Murry,Duckett,254-749-3688,
Dominick,Hunn,472-888-9337,
Kerrie,Alfonsetto,273-348-3313,
Sally,Mughal,798-485-8307,
Orlando,Baudassi,667-589-1520,
Millie,Pidcock,282-438-2416,
Livvy,Darben,190-691-8213,
Graig,Dwerryhouse,434-717-7403,
Hadlee,Brimm,713-821-4638,
Jehanna,Kibel,553-289-0262,
Rawley,Syfax,837-785-2926,
Karalee,Chantler,736-710-4687,
Skipper,Croysdale,788-124-7760,
Joleen,Orrill,712-996-3897,
Carma,Jessup,483-363-0501,
Max,Ranyelld,770-456-4787,
Maxim,Noseworthy,391-598-8670,
Ximenes,Uzzell,978-776-2921,
Orelia,Ivakin,583-646-5194,
Barbette,Bedborough,197-932-9144,
Hubey,Loughrey,232-169-1108,
Jayme,Stuckes,161-645-2328,
Carolina,Sickamore,372-930-5450,
Peyton,Bourgeois,639-692-1112,
Barbee,Monget,965-856-7154,
Kaitlin,Szwarc,922-850-6041,
Loria,Pepin,616-670-1108,
Donovan,Druitt,820-399-0865,
Crichton,Honatsch,860-268-6695,
Eli,Harms,450-702-5187,
Ashley,Norridge,530-574-5195,
Prent,Roo,771-556-3873,
Shoshanna,Gero,606-666-6385,
Hamilton,Louche,875-877-4490,
Garreth,Waylett,396-213-5154,
Jesus,Dalgarnocht,855-276-4489,
Hyman,Lain,748-713-2389,
La verne,Waplington,318-800-0380,
Lil,Steeden,806-669-1499,
Juline,Herrero,215-568-4584,
Lovell,Beak,554-937-8137,
Benjy,Solomonides,473-473-6679,
Saudra,Jeacocke,304-753-4564,
Lyndell,Joyner,260-594-2771,
Jefferey,Feilden,869-416-6003,
Kelci,MacConnechie,315-976-7406,
Alejandro,Moodey,494-584-0459,
Dilly,Fortye,657-565-6198,
Kai,Emlen,953-902-4010,
Kaela,Zanicchi,442-837-9446,
Ted,Matzen,950-553-7561,
Udale,Tindley,285-619-1059,
Fina,Speaks,875-835-9307,
Cindie,Charlet,671-698-9163,
Benjamen,Kordas,506-214-6261,
Nevsa,Medeway,452-884-2680,
Almeria,Dederich,161-557-2166,
Helge,Coupland,187-786-7176,
Melanie,Heigold,424-287-4775,
Kermy,Piatkow,832-479-5658,
Kissiah,Tukely,260-692-7052,
Iosep,Smeeth,419-802-1537,
Tristan,McKeney,909-449-7276,
Hildegarde,Guidera,240-837-5162,
Maje,Dotterill,957-824-9501,
Robinett,Sive,447-209-0756,
Tamera,Tocque,925-237-4425,
Charlotta,Dimmick,118-531-1908,
Mark,Cleugher,387-286-2301,
Clarissa,Melland,922-641-8276,
Lorry,Spurling,980-415-2936,
Tatum,Lethardy,874-716-3680,
Vania,Nestoruk,119-475-3543,
Kinsley,Cunniff,212-577-3012,
Basil,Martindale,244-102-0978,
Gale,Gockelen,436-296-5075,
Nani,Heaviside,543-773-3942,
Egan,Downes,401-570-1299,
Jobye,Battlestone,840-464-8773,
Nikoletta,Wimmer,670-308-2202,
Bordy,Vankeev,225-589-7185,
Maximilianus,Saulter,195-344-7775,
Dulcia,Peaddie,553-580-8151,
Ruthi,Dabernott,915-986-1607,
Caesar,Tucknutt,589-399-1136,
Meagan,Burnapp,642-780-4994,
Joachim,Wolsey,205-294-6075,
Emlen,Wiz,558-887-0651,
Jinny,MacKeig,727-445-7596,
Alika,Mullally,737-723-3238,
Ludvig,McPeck,692-712-8781,
Kenna,Eyrl,441-310-7934,
Darrick,Forsythe,832-469-5522,
Tiphani,How to preserve,106-192-5777,
Cathrine,Petracchi,909-495-8804,
Silvanus,Abrahamian,936-670-4896,
Robinet,Paradin,812-111-8257,
Willetta,Musprat,567-260-7864,
Madelle,Bywater,424-417-4830,
Barbara,Shortin,847-928-5288,
Jaquenette,Rosoni,402-594-0165,
Curr,Eyeington,143-618-3375,
Pall,Schlag,230-911-7973,
Anatole,Swindley,333-630-5895,
Hadleigh,Ianni,403-284-5158,
Reinwald,Attride,245-731-6314,
Izabel,Meddings,738-654-3402,
Terencio,Morson,670-684-7479,
Edmund,Greensides,712-641-2274,
Merola,Coller,565-794-4139,
Manon,Ridings,435-533-7208,
Fernandina,Litster,263-206-9354,
Sharia,Carnaman,570-366-7610,
Gillan,Vittori,579-476-3677,
Dorey,Duigan,494-790-5906,
Adrienne,Renault,151-178-1155,
Ki,St. Ledger,303-537-6699,
Tann,Townsend,775-770-5887,
Frederique,Irons,893-552-8151,
Dorthea,Banes,179-346-6377,
Tucker,Cattel,438-356-4462,
Gabrielle,Mabbot,658-758-9038,
Lucas,Muldownie,189-153-5472,
Johann,Alvey,931-533-4240,
Ode,Akam,425-582-3250,
Darryl,Lawton,497-966-7716,
Even,Bredbury,118-363-8707,
Gerik,Carder,423-469-1053,
Kayne,Beran,385-191-8138,
Cordelie,Dell Casa,529-373-8418,
Leela,Timmons,938-166-5912,
Zach,Spraging,264-544-8906,
Maxie,Venes,578-178-1382,
Caro,Brabyn,714-272-5894,
Jobina,Whitfeld,787-306-3025,
Eveline,Kippin,955-573-4152,
Keenan,Flint,813-519-3167,
Mac,Hazael,874-292-5951,
Aindrea,Rumsby,626-398-9437,
Eberto,Stot,263-695-0465,
Malinde,Caraher,512-645-8410,
Violet,Cookney,731-196-5967,
Bard,Bone,130-510-4032,
Logan,Bakewell,527-201-1035,
Renelle,Island,454-257-0743,
Suki,Muselli,455-217-7209,
Ernesta,Vick,845-126-1668,
Cyrill,Kinnen,176-801-0752,
Vivia,Regina,120-721-7051,
Linnet,Pilger,574-676-2349,
Cosme,Wythe,503-526-8534,
Alvy,Hoggin,982-210-9047,
Ulrike,Birdseye,829-244-5013,
Estell,Sanchis,964-790-5432,
Charleen,Proger,343-541-7156,
Lenka,Hamberston,970-444-4027,
Abbott,Smeall,947-534-3949,
Babita,Willacot,248-420-0007,
Feodora,Pearmain,476-992-7933,
Valry,Yukhin,378-211-6357,
Costa,Caldaro,649-246-0487,
Elicia,Songust,692-143-2176,
Liana,Dameisele,677-789-0309,
Rolph,Siggery,736-783-1735,
Merell,Enderwick,546-918-3598,
Carlita,Mullane,561-911-1718,
Ansell,Huntriss,577-603-5356,
Tad,Fooks,722-165-8570,
Martha,Chark,420-472-8693,
Nadya,Fautley,247-411-6936,
Dario,Paulich,508-593-3033,
Phaidra,Caddy,445-697-5550,
Launce,Storch,742-481-1506,
Lancelot,Popplewell,818-803-5217,
Emlyn,Titchen,398-145-2208,
Alvy,Archdeacon,235-920-6693,
Charita,Atwell,537-530-9384,
Stevy,Tellwright,229-759-6229,
Pietra,Molden,908-456-1973,
Tremaine,Dmitr,198-977-7107,
Rochette,Yakushkin,707-884-6929,
Georgie,Winn,136-722-1853,
Kermie,Adair,368-529-6536,
Mariana,Macconachy,104-521-5649,
Rem,Malamore,560-759-0733,
Coriss,Pirri,815-734-5064,
Ewell,Ciccottio,257-504-4045,
Kary,McArte,308-655-3230,
Honoria,Winterbottom,313-191-5030,
Brit,Grisdale,768-624-4015,
Suzanna,Breston,830-139-7460,
Alf,Langthorn,550-656-2564,
Denney,Fothergill,658-781-8878,
Roley,Bielby,941-268-1532,
Rene,Gotling,181-782-9069,
Anselma,Beston,303-391-2121,
Rebe,Shadbolt,537-958-6041,
Gregg,Gamage,776-666-1287,
Selle,Torpie,330-867-2065,
Beverlie,Dyshart,448-541-7048,
Hinze,Frigout,572-167-2655,
Mariquilla,Chapellow,876-527-3703,
Bianka,Stainton - Skinn,518-721-4293,
Bryn,Dundridge,534-678-4694,
Terry,Zemler,939-470-3247,
Mac,Semrad,936-289-0213,
Alethea,Hollow,613-423-5313,
Estevan,Matthaus,145-277-3339,
Albertina,Ezzy,941-482-5196,
Simmonds,Lillicrap,157-307-3131,
Lacey,Vannet,658-723-4986,
Codie,Mackett,287-603-4613,
Ilyssa,Berrey,503-352-6202,
Juliette,Bavage,972-611-8566,
Claudette,Petruskevich,172-339-8475,
Bronny,Jobke,820-399-2859,
Clarinda,Keener,867-921-4990,
Aldon,Broadey,484-802-5157,
Babara,Ewert,517-133-0337,
